Uptake,Pro_plum,Prop2,Pump,Cost_diff,WTP
41.84466975,0.097545626,0.887350535,555.66,0.603,0.191
31.21370214,0.053387169,0.933602512,621.805,0.566,0.186
41.69701742,0.022022333,0.960297767,546.049,0.427,0.164
69.18988089,0.01540806,0.958855401,536.951,0.507,0.186
23.67358992,0.960960961,0.03003003,432.397,0.553,0.145
35.08219313,0.981989357,0.011051985,440.017,0.66,0.148
50.56600059,0.066949788,0.915063702,582.109,0.488,0.175
32.15867704,0.70514064,0.288069835,488.154,0.674,0.181
36.83433409,0.289212207,0.691980128,523.12,0.691,0.199
32.88709519,0.988351254,0.008960573,455.335,0.607,0.151
70.56796929,0.066360469,0.917168198,500.535,0.571,0.195
25.50447879,0.449358974,0.531410256,552.585,0.577,0.162
76.08032287,0.008827629,0.97738888,604.365,0.46,0.199
14.34196279,0.292576419,0.56768559,556.882,0.456,0.148
27.99488139,0.976115651,0.021370207,603.382,0.676,0.146
15.09006792,0.317406143,0.488054608,621.052,0.611,0.163
63.31331824,0.003691399,0.978774456,632.917,0.439,0.187
13.10168324,0.861182519,0.11311054,603.649,0.538,0.144
37.52337829,0.03046258,0.95110944,580.609,0.539,0.181
18.44669751,0.925840093,0.047508691,555.831,0.686,0.143
43.06526233,0.42866005,0.562344913,580.329,0.654,0.193
22.35456246,0.619850187,0.359550562,626.821,0.658,0.179
16.76346097,0.809210526,0.159539474,591.33,0.513,0.154
58.30298258,0.487010309,0.504536082,471.44,0.651,0.189
26.83334974,0.333548804,0.656108597,513.819,0.48,0.155
38.03523969,0.145266386,0.836719049,505.008,0.505,0.168
45.6639433,0.739690722,0.25257732,459.871,0.643,0.19
66.00059061,0.032976827,0.956327986,426.557,0.484,0.197
66.97509597,0.040263797,0.949496703,514.829,0.485,0.195
27.79801162,0.120789779,0.842044135,581.207,0.521,0.161
21.53755291,0.954505687,0.036745407,446.929,0.528,0.143
17.49187912,0.74182243,0.235981308,633.26,0.415,0.143
39.47238901,0.109143477,0.863028551,600.849,0.665,0.19
13.87931883,0.228310502,0.689497717,523.7,0.404,0.142
25.6619746,0.698100407,0.288331072,566.471,0.611,0.169
69.76080323,0.02554507,0.958184185,532.915,0.477,0.189
29.74702234,0.1066313,0.872679045,623.145,0.471,0.158
51.43222758,0.025163094,0.965051258,481.43,0.456,0.188
17.02923516,0.89037037,0.08,535.735,0.522,0.14
20.70085638,0.915506035,0.063138347,601.014,0.647,0.157
13.37730092,0.772727273,0.174641148,541.718,0.513,0.148
29.32375234,0.065430191,0.907264297,591.228,0.601,0.199
41.29343439,0.27396329,0.713460231,488.268,0.431,0.151
45.45723004,0.017887088,0.96059251,562.687,0.411,0.159
15.20818978,0.866995074,0.096880131,508.131,0.638,0.163
15.92676445,0.411184211,0.508223684,584.856,0.591,0.17
15.0211635,0.558441558,0.394805195,599.365,0.506,0.158
16.60596515,0.69889065,0.264659271,631.551,0.482,0.149
20.14962103,0.632596685,0.330570902,502.867,0.478,0.154
18.38763658,0.953827461,0.037667072,463.013,0.53,0.143
12.41263904,0.550151976,0.291793313,604.644,0.695,0.172
22.94517177,0.941618015,0.039199333,450.42,0.624,0.147
21.35052663,0.936473165,0.048192771,462.089,0.585,0.143
69.97735998,0.240203312,0.755533694,446.928,0.537,0.185
24.49059947,0.141826923,0.834935897,626.442,0.604,0.177
25.0615218,0.97258567,0.019314642,529.326,0.685,0.172
27.00068904,0.952800503,0.030837004,542.534,0.674,0.151
15.59208584,0.733102253,0.237435009,448.518,0.695,0.193
54.73963973,0.006214039,0.973302647,608.42,0.441,0.176
25.53400925,0.978494624,0.018342821,564.987,0.649,0.149
27.49286347,0.347770701,0.631847134,612.92,0.462,0.153
42.15966138,0.030313015,0.954859967,589.627,0.527,0.177
22.66955409,0.995245642,0.001584786,462.782,0.621,0.144
24.77606064,0.059974747,0.924873737,502.612,0.458,0.18
62.1419431,0.02957346,0.960758294,524.904,0.453,0.191
17.31469633,0.943859649,0.047953216,484.644,0.674,0.157
47.0420317,0.008082497,0.97826087,581.684,0.421,0.183
20.93710011,0.684794673,0.257491676,587.257,0.623,0.175
16.92095679,0.818067754,0.166875784,510.102,0.687,0.185
32.34570332,0.81148619,0.180622534,577.558,0.645,0.167
37.46431735,0.003062787,0.977794793,623.848,0.535,0.182
19.3129245,0.815587267,0.139407245,516.682,0.625,0.163
28.66423861,0.987349051,0.010350776,428.769,0.645,0.169
15.95629491,0.515702479,0.4,625.792,0.629,0.16
65.4099813,0.03554007,0.951916376,438.734,0.454,0.189
44.94536864,0.730346577,0.258664413,424.725,0.65,0.181
25.87853135,0.777548209,0.199035813,608.466,0.479,0.145
34.55064475,0.407628129,0.57568534,538.009,0.478,0.146
14.99163303,0.983361065,0.006655574,452.182,0.674,0.144
16.57643469,0.925663717,0.061946903,603.46,0.689,0.163
25.38635692,0.534296029,0.445246691,556.11,0.636,0.174
20.30711684,0.967368421,0.029473684,429.782,0.69,0.183
16.58627818,0.473429952,0.486714976,599.063,0.483,0.148
55.51727532,0.006613757,0.976851852,629.839,0.443,0.18
53.57810808,0.065819861,0.922863741,452.736,0.411,0.171
33.70410473,0.159462862,0.83004616,580.557,0.409,0.163
64.05157988,0.019198509,0.957688723,608.095,0.531,0.19
16.80283492,0.959537572,0.021194605,605.4,0.673,0.143
17.97421006,0.805743243,0.162162162,441.25,0.609,0.185
44.35475933,0.031860535,0.957318906,613.385,0.49,0.185
68.30396693,0.004142502,0.983927092,515.947,0.457,0.195
31.35151098,0.982274742,0.011816839,496.514,0.65,0.145
69.3572202,0.01314295,0.958948564,474.512,0.447,0.186
27.56176789,0.326509186,0.665091864,501.459,0.42,0.152
72.11339699,0.155829228,0.832183908,447.283,0.558,0.193
17.45250517,0.822641509,0.122641509,485.274,0.493,0.146
55.99960626,0.019650184,0.959619952,582.063,0.421,0.162
25.77025298,0.945086705,0.047687861,445.001,0.527,0.16
31.89290284,0.209810588,0.764934434,554.625,0.626,0.183
18.63372379,0.847305389,0.130239521,626.6,0.497,0.144
25.5832267,0.473755047,0.503364738,630.638,0.43,0.144
23.87045969,0.487575554,0.498992612,579.911,0.472,0.156
20.33664731,0.939903846,0.049278846,472.658,0.666,0.179
18.32857565,0.970406905,0.022194821,621.243,0.675,0.143
30.71168422,0.245253165,0.744198312,470.303,0.522,0.181
22.30534501,0.922997947,0.063655031,615.531,0.611,0.163
19.71650753,0.84,0.132307692,459.19,0.545,0.164
26.88256718,0.813349815,0.171199011,448.293,0.632,0.169
77.04498474,0.009078928,0.978913457,590.316,0.461,0.2
13.18043114,0.945812808,0.032019704,503.002,0.68,0.154
14.75538931,0.812816189,0.123102867,575.404,0.564,0.148
19.41135939,0.831944444,0.113888889,580.464,0.645,0.155
63.28378777,0.006917896,0.972874568,485.785,0.467,0.193
24.64809528,0.167843137,0.814117647,454.742,0.479,0.17
25.8391574,0.984526112,0.013539652,448.316,0.663,0.152
13.28870952,0.928395062,0.044444444,580.528,0.613,0.145
54.16871739,0.015030946,0.972811671,617.224,0.428,0.168
12.34373462,0.542521994,0.360703812,596.957,0.598,0.165
34.51127079,0.216660149,0.771607352,584.227,0.578,0.178
63.07707452,0.01445609,0.968015902,498.38,0.481,0.196
22.56127572,0.619047619,0.357963875,456.57,0.528,0.156
16.18269515,0.354211663,0.52699784,591.935,0.583,0.17
28.03425534,0.921714286,0.068,449.29,0.507,0.148
14.57820652,0.876569038,0.092050209,560.398,0.572,0.143
37.5135348,0.030369557,0.955726308,492.286,0.422,0.172
43.22275815,0.327278521,0.657425112,429.178,0.577,0.198
13.7316665,0.818877551,0.135204082,625.612,0.544,0.142
65.63638153,0.036910335,0.944904573,598.358,0.533,0.189
32.21773797,0.201183432,0.786489152,536.929,0.612,0.187
32.08977262,0.490240581,0.496141625,528.269,0.601,0.163
24.62840831,0.265544989,0.705193855,609.499,0.6,0.175
32.97568658,0.558795411,0.429732314,591.293,0.696,0.173
21.26193523,0.89893617,0.071276596,466.766,0.674,0.164
40.97844276,0.093147039,0.891882901,601.429,0.533,0.163
22.20691013,0.863465866,0.12228057,611.145,0.664,0.164
65.01624176,0.009309679,0.96943615,604.035,0.537,0.183
25.2387046,0.98961515,0.006108735,545.905,0.691,0.144
26.59710601,0.119439366,0.863497867,503.864,0.475,0.168
16.01535584,0.790794979,0.129707113,599.151,0.547,0.14
29.75686583,0.721052632,0.256842105,433.656,0.447,0.14
18.21045378,0.973184358,0.015642458,493.655,0.597,0.16
12.68825672,0.927083333,0.045138889,634.201,0.684,0.161
14.81445024,0.907534247,0.073630137,558.844,0.603,0.147
80.53942317,0.006063947,0.969955899,606.832,0.435,0.198
44.38428979,0.453941407,0.534883721,561.078,0.655,0.178
27.95550743,0.96996177,0.019661387,512.394,0.613,0.147
60.55714145,0.007736944,0.973307544,571.998,0.474,0.186
11.85156019,0.555183946,0.301003344,569.22,0.674,0.16
21.99035338,0.731328807,0.245392823,632.42,0.411,0.144
33.35958264,0.232421053,0.743578947,565.066,0.667,0.188
47.74091938,0.029374525,0.94682198,574.87,0.597,0.194
30.66246678,0.957648231,0.030393622,481.838,0.639,0.141
32.86740821,0.160163339,0.826225045,573.822,0.44,0.162
27.65035929,0.088688263,0.882103027,622.853,0.693,0.195
41.17531253,0.37340321,0.610547003,433.864,0.584,0.18
59.08061817,0.065072521,0.925519404,516.65,0.524,0.193
79.61413525,0.013250756,0.967881319,511.961,0.481,0.197
24.07717295,0.936966513,0.0558109,428.331,0.556,0.159
13.50526627,0.638190955,0.261306533,549.723,0.598,0.157
21.93129245,0.969665272,0.023012552,527.686,0.663,0.144
12.12717787,0.719298246,0.169590643,612.273,0.596,0.145
23.73265085,0.244935543,0.719152855,552.149,0.469,0.147
50.75302687,0.545546559,0.442813765,428.898,0.566,0.187
15.42474653,0.197740113,0.686440678,507.127,0.606,0.176
47.83935427,0.28197065,0.704402516,604.859,0.622,0.191
31.74525052,0.17185445,0.811047786,492.667,0.407,0.143
33.5662959,0.003705419,0.979157017,595.685,0.432,0.176
38.30101388,0.179812834,0.799799465,588.814,0.66,0.181
74.94832169,0.016802836,0.969477416,438.16,0.406,0.192
20.67132592,0.827681027,0.155820348,569.338,0.593,0.169
24.75637366,0.333756345,0.645304569,521.375,0.571,0.167
17.26547889,0.38996139,0.513513514,521.178,0.405,0.149
27.63067231,0.773958333,0.221875,459.929,0.583,0.178
34.64907963,0.43226655,0.558088558,470.136,0.617,0.199
26.24274043,0.926094372,0.054576464,549.613,0.663,0.158
71.53263116,0.006345591,0.977220957,630.3,0.493,0.192
38.84240575,0.007027407,0.981728742,603.201,0.405,0.168
27.54208091,0.81090175,0.161507402,481.138,0.481,0.15
49.62102569,0.03421859,0.946884576,510.968,0.449,0.187
62.87036126,0.035747533,0.953453733,518.326,0.518,0.186
38.91131017,0.741834607,0.252605976,495.507,0.631,0.187
34.39314893,0.95852119,0.0374211,445.386,0.67,0.18
54.29668274,0.080750764,0.909864688,635.75,0.548,0.188
12.97371789,0.490740741,0.361111111,555.647,0.646,0.166
32.1882075,0.865002312,0.12482663,461.781,0.445,0.14
31.68618959,0.084108012,0.903939796,547.591,0.489,0.175
63.81533616,0.003058654,0.985786254,599.046,0.424,0.179
28.9300128,0.590024938,0.405985037,464.625,0.574,0.177
19.98228172,0.82,0.164,552.592,0.642,0.177
37.44463038,0.941504178,0.05362117,483.2,0.446,0.143
49.9557043,0.102368421,0.886578947,592.501,0.526,0.189
16.72408702,0.182163188,0.766603416,523.93,0.441,0.169
28.37877744,0.994295493,0.003993155,493.326,0.685,0.142
22.60064967,0.985015773,0.010252366,487.994,0.658,0.15
21.53755291,0.936770428,0.040856031,530.647,0.67,0.148
71.26685697,0.013155758,0.976611986,532.827,0.484,0.19
74.44630377,0.002902979,0.970206264,596.928,0.435,0.181
47.9870066,0.404145078,0.580856286,517.918,0.563,0.172
32.64100797,0.864443482,0.128627111,424.412,0.561,0.169
13.48557929,0.656050955,0.242038217,547.562,0.634,0.157
35.1904715,0.41439206,0.571133168,552.046,0.592,0.179
41.19499951,0.101962046,0.882920553,496.51,0.42,0.165
21.75410966,0.90487239,0.088167053,569.129,0.688,0.176
62.49630869,0.325347759,0.664799073,472.629,0.578,0.19
34.77704498,0.266143106,0.720767888,524.515,0.649,0.189
37.97617876,0.581937363,0.406773489,552.333,0.697,0.19
32.94615612,0.048531811,0.918841762,587.616,0.605,0.185
16.9111133,0.855555556,0.092592593,605.84,0.658,0.146
29.5304656,0.259754738,0.724080268,563.751,0.68,0.182
43.89211537,0.290425224,0.697136245,532.074,0.524,0.167
14.80460675,0.3515625,0.5625,577.488,0.534,0.162
46.59907471,0.204926625,0.770702306,632.406,0.663,0.194
41.67733045,0.225690276,0.765606242,453.098,0.469,0.179
17.92499262,0.895666132,0.088282504,605.609,0.501,0.147
34.36361847,0.983408072,0.011659193,433.088,0.584,0.147
17.4229747,0.554892601,0.397374702,503.626,0.687,0.18
44.1185156,0.386920981,0.595519225,552.358,0.618,0.194
24.32326016,0.901785714,0.083104396,475.786,0.621,0.157
36.66699478,0.192102455,0.790110281,432.372,0.47,0.161
40.11221577,0.283638661,0.694567277,521.315,0.601,0.189
20.5138301,0.899657925,0.090079818,584.493,0.675,0.18
23.39797224,0.964423821,0.028615623,513.263,0.657,0.149
17.61000098,0.672131148,0.301912568,495.391,0.622,0.179
32.21773797,0.464075915,0.523271577,631.162,0.675,0.178
44.48272468,0.138023152,0.845354705,584.025,0.603,0.199
23.41765922,0.967688484,0.027340514,451.35,0.574,0.143
26.04587066,0.768444949,0.221906924,455.383,0.417,0.143
18.52544542,0.811074919,0.144408252,598.767,0.554,0.153
19.12589822,0.706971678,0.259259259,602.794,0.616,0.17
39.17708436,0.12138534,0.862138534,478.486,0.508,0.198
22.81720642,0.995110024,0.002444988,459.027,0.677,0.146
27.03021951,0.141361257,0.831878999,634.766,0.567,0.179
42.67152279,0.06604681,0.906700866,490.733,0.561,0.194
44.35475933,0.052880601,0.92541052,524.799,0.463,0.166
12.58982183,0.619596542,0.319884726,600.369,0.432,0.144
39.43301506,0.061596696,0.92532691,516.039,0.492,0.192
18.69278472,0.902132999,0.070263488,538.245,0.631,0.15
14.96210257,0.770134228,0.179530201,619.791,0.678,0.176
29.31390885,0.094555874,0.872206304,589.219,0.643,0.176
25.6619746,0.703677511,0.286421499,462.551,0.663,0.181
22.30534501,0.988685814,0.006092254,535.731,0.682,0.149
27.73895068,0.532110092,0.459794927,534.303,0.667,0.199
28.09331627,0.014371257,0.961676647,591.011,0.467,0.187
66.27620829,0.006891677,0.969959357,584.338,0.525,0.193
31.34166749,0.982914573,0.016080402,500.175,0.558,0.142
43.91180234,0.186607143,0.80297619,493.112,0.407,0.154
23.62437248,0.987606507,0.007745933,485.156,0.633,0.153
63.09676149,0.003094285,0.975791773,526.49,0.413,0.178
20.0019687,0.876363636,0.073939394,528.358,0.599,0.143
21.57692686,0.994970662,0.002514669,464.826,0.691,0.146
17.34422679,0.208053691,0.724832215,628.665,0.7,0.187
64.02204941,0.249596268,0.74268796,469.512,0.658,0.194
19.39167241,0.729468599,0.229468599,521.788,0.454,0.154
50.28053942,0.512390294,0.474445018,484.825,0.567,0.194
47.6424845,0.042691165,0.94217779,576.781,0.404,0.176
68.77645438,0.009495252,0.973679827,546.563,0.469,0.185
73.97381632,0.006221088,0.972722922,444.702,0.402,0.19
66.99478295,0.043349582,0.936455432,582.132,0.54,0.194
18.65341077,0.936528497,0.047927461,496.433,0.688,0.166
59.69091446,0.15259803,0.82769944,526.43,0.609,0.189
29.50093513,0.048704663,0.932124352,594.126,0.491,0.175
42.55340093,0.244146113,0.748673119,500.048,0.434,0.154
20.99616104,0.723902439,0.251707317,435.828,0.498,0.162
16.97017423,0.654761905,0.291666667,559.231,0.695,0.185
11.42829019,0.737089202,0.197183099,546.692,0.633,0.162
53.81435181,0.027400468,0.958313817,561.334,0.453,0.169
32.5327296,0.090299508,0.892266428,579.326,0.562,0.187
29.59937002,0.088566828,0.892109501,558.014,0.406,0.159
54.65104833,0.005456133,0.974247054,634.94,0.479,0.191
19.61807264,0.927254098,0.049180328,492.185,0.596,0.154
42.29747022,0.216216216,0.773363725,611.764,0.637,0.195
16.49768678,0.865771812,0.098434004,559.392,0.584,0.146
21.458805,0.958009331,0.030326594,475.637,0.651,0.161
44.68943794,0.563711098,0.424251321,463.599,0.622,0.188
71.08967418,0.023628419,0.962938987,430.16,0.447,0.195
15.74958165,0.664788732,0.26056338,584.179,0.471,0.146
65.86278177,0.08941258,0.900017328,511.341,0.543,0.197
34.45220986,0.425974026,0.561904762,535.131,0.638,0.193
39.46254553,0.005502063,0.977991747,623.196,0.422,0.168
13.28870952,0.606779661,0.33559322,536.451,0.596,0.173
74.91879122,0.001652893,0.981818182,601.432,0.403,0.195
12.77684811,0.774798928,0.155495979,610.213,0.551,0.141
71.31607442,0.104275457,0.887075718,459.591,0.529,0.195
29.24500443,0.161643836,0.811506849,622.988,0.673,0.195
74.64317354,0.009953944,0.976823652,624.475,0.47,0.195
19.9133773,0.904069767,0.075581395,430.222,0.467,0.14
36.83433409,0.377425743,0.609108911,488.282,0.571,0.173
24.33310365,0.906836965,0.084147258,455.061,0.566,0.163
13.8202579,0.857534247,0.123287671,613.597,0.652,0.164
37.38556945,0.196544276,0.786897048,616.939,0.63,0.192
26.73491485,0.971540179,0.020647321,533.589,0.613,0.15
75.30268727,0.005944001,0.965900203,577.55,0.511,0.194
47.9870066,0.034463895,0.94666302,530.011,0.414,0.157
17.80687075,0.968481375,0.024355301,490.096,0.696,0.167
14.40102372,0.490566038,0.433962264,449.581,0.452,0.165
16.45831283,0.96836983,0.01703163,575.002,0.674,0.149
36.87370804,0.201728024,0.78324568,605.833,0.532,0.167
25.20917413,0.016343826,0.963680387,630.556,0.471,0.181
72.43823211,0.023170925,0.965878432,501.826,0.408,0.173
19.70666404,0.681451613,0.291666667,622.584,0.475,0.152
36.78511665,0.663203153,0.329989251,424.99,0.525,0.173
42.51402697,0.115670532,0.86440678,505.907,0.521,0.183
19.8247859,0.967391304,0.02173913,493.95,0.568,0.141
40.53548578,0.574357192,0.419388464,437.826,0.491,0.178
55.92085835,0.124835165,0.856703297,506.79,0.534,0.184
40.16143321,0.589215686,0.397058824,430.04,0.663,0.194
13.08199626,0.713235294,0.235294118,574.005,0.465,0.144
17.09813958,0.746753247,0.225649351,520.412,0.441,0.15
12.875283,0.625482625,0.312741313,625.343,0.598,0.167
16.58627818,0.892628205,0.084935897,628.794,0.551,0.142
30.36716212,0.392548596,0.590172786,580.477,0.442,0.147
17.82655773,0.443236715,0.513285024,596.212,0.473,0.153
57.65331233,0.009795571,0.979344123,549.398,0.403,0.18
65.00639827,0.003408072,0.979013453,545.575,0.486,0.191
29.34343931,0.399166232,0.583637311,477.97,0.6,0.195
25.26823506,0.673202614,0.311546841,595.389,0.51,0.147
78.541195,0.011337209,0.968895349,487.143,0.447,0.198
73.76710306,0.123649274,0.869404137,443.555,0.489,0.195
12.95403091,0.262295082,0.584699454,614.148,0.537,0.156
15.88739049,0.445238095,0.44047619,632.187,0.535,0.155
24.61856482,0.96875,0.021075581,440.925,0.684,0.159
56.42287627,0.081217209,0.905981112,440.92,0.475,0.182
18.77153263,0.871495327,0.089953271,527.705,0.531,0.148
28.23112511,0.944444444,0.039772727,482.554,0.617,0.162
14.66679791,0.90625,0.079861111,492.709,0.562,0.15
15.16881583,0.868852459,0.109289617,478.9,0.64,0.177
52.89890737,0.059776137,0.921171708,517.673,0.451,0.184
73.72772911,0.003477161,0.971866603,546.33,0.44,0.187
19.23417659,0.873226112,0.081362346,581.78,0.625,0.151
42.08091348,0.31838565,0.668481742,616.434,0.631,0.197
79.07274338,0.008915732,0.965775093,577.756,0.41,0.195
25.29776553,0.934883721,0.049833887,469.706,0.665,0.166
27.99488139,0.87804878,0.104878049,568.325,0.679,0.171
16.78314795,0.890769231,0.084615385,549.845,0.566,0.141
50.42819175,0.206790911,0.78121011,445.228,0.526,0.19
24.58903435,0.98478123,0.012682308,465.251,0.548,0.142
58.93296584,0.048780488,0.932730134,483.159,0.448,0.182
40.85047741,0.619933555,0.372093023,550.56,0.662,0.178
15.6216163,0.782051282,0.158974359,461.751,0.496,0.154
40.2598681,0.099930362,0.880571031,493.204,0.435,0.163
33.32020868,0.175502008,0.803614458,484.636,0.511,0.179
20.6024215,0.816686251,0.136310223,467.468,0.47,0.145
40.45673787,0.174623116,0.805904523,590.578,0.609,0.168
17.64937494,0.934545455,0.041818182,519.611,0.549,0.15
58.93296584,0.132858596,0.857171923,562.822,0.536,0.193
24.48075598,0.150033944,0.818058384,521.262,0.413,0.146
22.59080618,0.47398374,0.501626016,605.381,0.673,0.177
44.87646422,0.010566242,0.973719859,466.635,0.401,0.167
39.67910227,0.514375987,0.474881517,499.759,0.645,0.193
40.92922532,0.106461332,0.882825578,618.062,0.561,0.178
11.83187322,0.823333333,0.13,469.924,0.636,0.157
23.71296387,0.35765838,0.607056937,572.908,0.554,0.163
43.34088001,0.327702703,0.65970516,454.007,0.503,0.176
62.07303868,0.007085586,0.979675555,611.019,0.411,0.167
43.44915838,0.113160363,0.876523914,593.815,0.505,0.183
28.41815139,0.888268156,0.100558659,425.564,0.564,0.17
68.26459297,0.048900169,0.941116751,454.872,0.466,0.198
78.14745546,0.008429007,0.9611975,563.968,0.444,0.196
30.4754405,0.956374212,0.034415899,429.844,0.666,0.152
13.27886603,0.715492958,0.21971831,602.678,0.567,0.156
18.59434984,0.789081886,0.182382134,424.613,0.639,0.179
19.16527217,0.974585635,0.016574586,490.407,0.59,0.147
48.51855498,0.140065147,0.847406665,426.796,0.475,0.192
40.65360764,0.058232932,0.928380187,524.92,0.417,0.179
9.715523181,0.893442623,0.049180328,631.499,0.662,0.146
15.83817305,0.582089552,0.34079602,557.258,0.462,0.149
33.4777045,0.058876004,0.921498662,462.907,0.419,0.151
72.959937,0.055324592,0.93700032,498.056,0.5,0.196
33.17255635,0.258442777,0.728893058,512.092,0.436,0.148
21.7147357,0.012718601,0.966613672,584.617,0.436,0.165
21.25209174,0.923502304,0.064516129,556.081,0.628,0.167
73.57023329,0.106306023,0.879540808,459.952,0.558,0.199
51.01880106,0.009380863,0.969981238,635.451,0.478,0.188
25.47494832,0.643137255,0.337908497,529.155,0.661,0.174
31.39088493,0.265850459,0.717533887,554.871,0.457,0.152
31.10542376,0.237226277,0.73983316,506.155,0.45,0.156
14.25337139,0.480519481,0.461966605,588.363,0.549,0.166
10.7294025,0.443609023,0.406015038,599.544,0.534,0.148
61.82695147,0.002058768,0.977727868,610.401,0.452,0.179
17.39344424,0.851851852,0.114638448,604.601,0.591,0.141
27.25661975,0.965123271,0.024654239,513.62,0.613,0.148
32.56226006,0.238614801,0.745256167,551.637,0.551,0.169
20.14962103,0.377514793,0.571597633,588.405,0.617,0.171
23.19125898,0.840538625,0.152374203,497.539,0.653,0.175
62.05335171,0.003009782,0.984010534,617.421,0.46,0.195
23.71296387,0.927406199,0.048939641,596.912,0.625,0.143
21.75410966,0.987460815,0.007314525,440.296,0.587,0.146
65.91199921,0.002276708,0.977057793,601.668,0.486,0.181
20.63195196,0.850635593,0.110169492,473.027,0.525,0.148
23.46687666,0.370824813,0.595773688,560.768,0.66,0.191
23.29953736,0.740410959,0.237671233,539.574,0.465,0.143
33.19224333,0.43301326,0.553269319,429.001,0.53,0.163
39.40348459,0.303401361,0.68537415,619.807,0.592,0.171
17.73796634,0.777594728,0.200988468,576.819,0.603,0.177
24.97293041,0.716614907,0.25310559,528.276,0.519,0.153
82.17344227,0.004551539,0.943373494,607.434,0.426,0.193
40.32877252,0.681292517,0.312244898,430.473,0.614,0.18
33.57613938,0.048162231,0.925644275,572.777,0.516,0.167
27.81769859,0.761751449,0.231809401,453.417,0.57,0.167
23.31922433,0.536776213,0.450704225,524.041,0.685,0.185
35.88935919,0.704225352,0.28809219,508.093,0.618,0.189
16.17285166,0.086387435,0.821989529,612.65,0.437,0.154
62.63411753,0.044523765,0.93875634,570.008,0.534,0.194
15.97598189,0.840871022,0.128978224,567.091,0.687,0.173
18.90934147,0.745541023,0.217598098,513.356,0.654,0.17
25.55369623,0.90887574,0.072189349,449.358,0.462,0.141
23.30938084,0.981050818,0.015503876,491.426,0.627,0.16
23.75233783,0.954367666,0.034550196,548.223,0.58,0.15
17.99389704,0.958687728,0.034021871,452.859,0.576,0.15
49.0993208,0.225931677,0.752329193,515.734,0.543,0.193
14.34196279,0.890784983,0.075085324,556.025,0.58,0.143
20.71069987,0.792384406,0.17225748,534.596,0.698,0.186
13.23949208,0.484662577,0.331288344,623.52,0.616,0.154
39.70863274,0.033333333,0.953198653,602.371,0.538,0.19
49.62102569,0.793986928,0.199477124,431.198,0.582,0.167
27.45348952,0.377871826,0.591293833,448.89,0.468,0.151
12.71778718,0.401639344,0.401639344,622.563,0.57,0.148
23.66374643,0.874804382,0.092331768,552.884,0.578,0.141
14.0761886,0.770186335,0.151138716,459.012,0.689,0.179
19.97243823,0.975927783,0.018054162,468.542,0.676,0.14
40.53548578,0.702544031,0.289954338,434.427,0.617,0.191
15.35584211,0.740634006,0.201729107,563.48,0.455,0.143
38.9703711,0.147823262,0.840155945,523.37,0.512,0.185
19.13574171,0.946795647,0.047158404,453.113,0.609,0.171
44.13820258,0.544753086,0.445061728,429.978,0.545,0.166
74.5939561,0.017995656,0.969283276,507.96,0.433,0.194
29.15641303,0.964610718,0.031344793,445.036,0.494,0.143
39.6594153,0.015549077,0.953676709,624.464,0.504,0.18
53.45014273,0.063249001,0.926764314,431.674,0.402,0.169
36.77527316,0.149758454,0.832125604,550.965,0.565,0.199
37.64150015,0.086275937,0.887149618,626.299,0.673,0.199
25.65213112,0.969162996,0.027061045,455.876,0.669,0.177
54.25730879,0.08583878,0.896732026,615.352,0.457,0.157
24.57919087,0.978680879,0.019320453,524.677,0.562,0.143
57.03317256,0.019109618,0.968920622,588.552,0.503,0.194
71.83777931,0.005380598,0.969140687,622.495,0.419,0.191
15.94645142,0.628691983,0.293248945,532.165,0.548,0.156
24.8941825,0.391333333,0.592666667,592.372,0.469,0.155
61.36430751,0.044298768,0.943186333,453.313,0.445,0.176
27.26646323,0.139701822,0.83158476,607.197,0.474,0.157
15.95629491,0.742574257,0.215841584,434.885,0.451,0.153
47.05187518,0.11175657,0.866390041,621.637,0.486,0.179
18.77153263,0.706533776,0.244739756,517.809,0.573,0.159
46.11674377,0.040762308,0.94891477,435.455,0.401,0.181
20.95678709,0.990817264,0.006427916,433.28,0.656,0.143
19.19480264,0.897260274,0.089041096,531.684,0.577,0.173
58.85421793,0.022125642,0.966811537,483.867,0.463,0.178
25.750566,0.100950988,0.862472568,466.041,0.475,0.167
33.65488729,0.191835117,0.787554499,480.941,0.474,0.162
34.29471405,0.017439387,0.964695874,571.334,0.549,0.188
25.77025298,0.961511048,0.031361368,471.302,0.604,0.148
33.24146077,0.110037799,0.876942461,469.936,0.407,0.16
24.461069,0.129749104,0.853046595,546.715,0.685,0.197
44.01023723,0.828545232,0.163508557,434.179,0.631,0.186
69.93798602,0.012232416,0.976822791,525.007,0.437,0.191
31.47947633,0.955577991,0.033821302,501.091,0.691,0.167
12.51107392,0.698051948,0.198051948,611.871,0.647,0.164
12.07796043,0.823529412,0.098039216,623.457,0.569,0.149
58.371887,0.297669492,0.694067797,431.521,0.526,0.196
39.74800669,0.467168263,0.519493844,522.008,0.617,0.198
21.30130918,0.542280838,0.435221102,449.825,0.63,0.179
67.44758342,0.006366225,0.962640308,431.964,0.408,0.195
54.41480461,0.027394107,0.9553407,536.354,0.504,0.186
30.3868491,0.015267176,0.967938931,622.454,0.432,0.17
38.64553598,0.002570694,0.981270657,618.048,0.409,0.16
15.48380746,0.94488189,0.033464567,610.978,0.683,0.147
15.88739049,0.955431755,0.04178273,459.119,0.665,0.173
21.61630082,0.939591078,0.050185874,475.17,0.521,0.141
29.80608328,0.017563117,0.957189901,596.108,0.547,0.185
10.92627227,0.365979381,0.484536082,623.077,0.608,0.161
70.50890836,0.168266049,0.821144937,444.261,0.586,0.192
27.67988975,0.443729904,0.535369775,434.33,0.436,0.146
29.02844768,0.373812038,0.605596621,481.736,0.599,0.177
11.8417167,0.158450704,0.605633803,629.154,0.557,0.162
40.87016439,0.094480519,0.893181818,469.541,0.425,0.187
41.25406044,0.245,0.743666667,534.45,0.509,0.165
54.62151787,0.010530935,0.969284774,609.282,0.487,0.187
36.76542967,0.101084431,0.878388846,622.158,0.487,0.158
15.63145979,0.513803681,0.411042945,635.227,0.663,0.176
72.6154149,0.00829808,0.980963228,594.897,0.46,0.193
18.81090659,0.579411765,0.392156863,588.794,0.698,0.184
17.15720051,0.513641756,0.43890866,623.449,0.681,0.173
48.83354661,0.016367476,0.966209081,560.268,0.496,0.182
23.36844178,0.925218775,0.070007955,430.698,0.592,0.175
40.87016439,0.218900675,0.772099004,437.57,0.465,0.177
26.74475834,0.898142217,0.081358104,524.343,0.492,0.141
18.25967123,0.104359313,0.845442536,598.505,0.546,0.176
40.81110346,0.553451436,0.434941967,444.178,0.537,0.184
34.51127079,0.338448423,0.647058824,454.24,0.55,0.178
17.18673098,0.071611253,0.900255754,589.432,0.495,0.165
39.50191948,0.153282239,0.819726758,480.568,0.571,0.196
21.66551826,0.94549763,0.030805687,516.997,0.689,0.156
12.5307609,0.845697329,0.115727003,549.417,0.651,0.164
22.35456246,0.721161826,0.267219917,480.559,0.466,0.147
75.42080913,0.001823985,0.96625627,615.787,0.451,0.197
43.59681071,0.042472173,0.937024019,459.638,0.405,0.17
12.51107392,0.87283237,0.098265896,555.187,0.671,0.156
20.29727335,0.914258189,0.053949904,554.024,0.544,0.145
36.78511665,0.256446991,0.728868195,517.987,0.58,0.172
15.5330249,0.923943662,0.03943662,496.644,0.674,0.143
37.53322177,0.118638239,0.867950481,542.296,0.554,0.197
19.33261148,0.556593977,0.404984424,617.508,0.567,0.161
22.42346688,0.213414634,0.761324042,587.144,0.542,0.176
35.26921941,0.032938564,0.951887491,628.194,0.506,0.198
41.27374742,0.15060241,0.836680054,475.428,0.442,0.173
15.66099025,0.92917847,0.042492918,590.002,0.686,0.149
13.29855301,0.95942029,0.017391304,504.583,0.694,0.161
33.3891131,0.157075472,0.825,448.536,0.453,0.166
36.27325524,0.061585835,0.930331024,587.833,0.54,0.178
21.48833547,0.740359897,0.244215938,435.567,0.678,0.199
73.09774584,0.021444339,0.958057395,456.462,0.439,0.196
27.13849788,0.969460689,0.024041585,439.58,0.625,0.149
15.52318142,0.779220779,0.163636364,605.654,0.67,0.155
14.31243233,0.704735376,0.208913649,619.906,0.636,0.165
31.46963284,0.640514184,0.34751773,486.914,0.643,0.169
40.21065065,0.940197078,0.057424397,449.012,0.46,0.145
25.39620041,0.863717872,0.125523013,486.831,0.47,0.143
38.42897923,0.072065379,0.901931649,494.829,0.591,0.196
35.21015848,0.229825949,0.755537975,609.24,0.666,0.19
21.33083965,0.108758422,0.871029836,504.601,0.532,0.181
23.18141549,0.930197269,0.053110774,431.942,0.604,0.152
20.58273452,0.941805226,0.053444181,586.21,0.692,0.169
14.74554582,0.948863636,0.028409091,569.728,0.648,0.153
63.7759622,0.118517132,0.87099794,437.45,0.449,0.188
22.66955409,0.684507042,0.307746479,448.028,0.646,0.199
16.87173934,0.11033275,0.817863398,620.021,0.529,0.16
45.32926469,0.50693289,0.480865225,551.932,0.629,0.164
21.99035338,0.119815668,0.8640553,551.652,0.477,0.164
16.19253864,0.960330579,0.029752066,613.346,0.614,0.142
27.73895068,0.912381952,0.083420776,478.488,0.628,0.173
61.00994192,0.295524691,0.691165123,529.405,0.6,0.2
26.07540112,0.86501548,0.115789474,546.252,0.601,0.166
59.87794074,0.111578526,0.866786859,602.878,0.629,0.2
60.80322866,0.011614623,0.975057121,494.317,0.436,0.186
44.52209863,0.506681831,0.480807506,431.647,0.593,0.197
18.09233192,0.785202864,0.159904535,514.648,0.56,0.154
75.48971355,0.035103647,0.953094265,536.465,0.474,0.189
22.62033665,0.919039146,0.064946619,464.183,0.519,0.141
40.93906881,0.684681804,0.302846178,486.073,0.7,0.191
65.36076385,0.006773619,0.976470588,582.875,0.48,0.195
37.62181317,0.545,0.450769231,565.149,0.509,0.156
13.91869278,0.921465969,0.047120419,554.708,0.676,0.169
13.62338813,0.124390244,0.8,467.966,0.528,0.181
33.97972241,0.092165899,0.891076665,547.729,0.549,0.177
11.21173344,0.860082305,0.086419753,603.521,0.534,0.145
18.19076681,0.884368308,0.098501071,466.364,0.585,0.159
74.10178167,0.013683373,0.967382657,499.287,0.44,0.196
27.76848115,0.88256785,0.103340292,475.137,0.524,0.148
36.01732454,0.076120556,0.894513138,613.515,0.598,0.181
15.6216163,0.940194715,0.050069541,474.483,0.626,0.162
33.28083473,0.963248639,0.028130672,476.208,0.592,0.149
19.89369032,0.971534653,0.01980198,455.018,0.52,0.14
19.10621124,0.847188264,0.124694377,623.529,0.558,0.148
59.41529678,0.201901219,0.780739822,450.235,0.53,0.181
35.69248942,0.003720546,0.975196362,588.227,0.503,0.186
42.05138301,0.119976183,0.869306341,495.627,0.411,0.167
71.60153558,0.019518543,0.966655823,518.108,0.439,0.19
18.2793582,0.939834025,0.047717842,522.263,0.651,0.158
30.82980608,0.349724034,0.633216257,613.73,0.631,0.172
15.40505955,0.904494382,0.074906367,633.702,0.69,0.155
28.91032582,0.888469828,0.106142241,424.274,0.673,0.177
40.31892903,0.626890756,0.366722689,478.875,0.617,0.177
43.62634118,0.378858474,0.614443797,435.538,0.459,0.168
18.09233192,0.699828473,0.19897084,634.426,0.663,0.161
21.43911802,0.523502304,0.458064516,472.446,0.508,0.167
18.30888867,0.435897436,0.52724359,533.842,0.616,0.184
11.69406438,0.815873016,0.142857143,598.905,0.647,0.158
26.41007973,0.956937799,0.032809296,448.74,0.586,0.156
75.50940053,0.007401813,0.981268882,544.849,0.405,0.187
18.28920169,0.75257732,0.203608247,537.295,0.577,0.165
28.64455163,0.010588235,0.971176471,629.545,0.504,0.183
21.30130918,0.736006683,0.236424394,584.719,0.464,0.152
67.02431342,0.002865813,0.974713419,564.209,0.484,0.198
22.66955409,0.905783582,0.086753731,470.824,0.629,0.177
19.06683729,0.882789318,0.078635015,521.708,0.619,0.159
25.50447879,0.436245573,0.546044864,448.307,0.409,0.148
37.44463038,0.949960907,0.045738858,470.434,0.43,0.143
33.5662959,0.270868114,0.711185309,516.012,0.572,0.182
18.33841914,0.623966942,0.356404959,483.523,0.617,0.164
19.28339403,0.372340426,0.608317215,467.579,0.454,0.162
33.91081799,0.189761695,0.795233892,560.389,0.59,0.193
72.25120583,0.005291829,0.96233463,529.064,0.405,0.188
19.90353381,0.572084481,0.412304867,523.184,0.41,0.147
33.12333891,0.20112782,0.783834586,441.32,0.463,0.167
30.94792795,0.796569795,0.199618866,431.308,0.612,0.176
39.87597204,0.123806276,0.857435198,577.42,0.545,0.179
36.05669849,0.385895118,0.603254973,510.825,0.616,0.186
46.28408308,0.502139037,0.490374332,552.337,0.661,0.194
21.2028743,0.517333333,0.464,590.336,0.644,0.161
52.05236736,0.073557692,0.913461538,543.162,0.564,0.186
33.89113102,0.403027823,0.583878887,560.089,0.653,0.171
40.83079043,0.181257707,0.807953144,607.572,0.655,0.193
36.86386455,0.008781173,0.977520197,635.792,0.416,0.16
14.75538931,0.339759036,0.551807229,547.308,0.601,0.176
16.11379073,0.589527027,0.331081081,510.873,0.653,0.179
28.26065558,0.94515442,0.050585729,505.922,0.7,0.187
38.52741412,0.972341954,0.022988506,424.724,0.608,0.157
21.5473964,0.844122658,0.121805792,427.909,0.545,0.146
44.28585491,0.011706175,0.972490489,597.283,0.424,0.185
17.0784526,0.847368421,0.105263158,579.075,0.66,0.157
19.55901171,0.933757962,0.050955414,514.063,0.667,0.159
24.5496604,0.407086614,0.575590551,621.845,0.689,0.185
17.39344424,0.85528757,0.113172542,484.966,0.574,0.165
11.57594251,0.368421053,0.380116959,628.391,0.615,0.158
41.85451324,0.045347665,0.946590527,577.518,0.456,0.17
24.2937297,0.44734931,0.528685548,561.913,0.567,0.165
21.46864849,0.876464324,0.110756124,584.075,0.512,0.15
19.02746333,0.575212867,0.405865658,452.319,0.589,0.176
40.65360764,0.179679509,0.797136038,581.947,0.671,0.189
15.39521606,0.939568345,0.047482014,460.095,0.612,0.15
18.91918496,0.803707743,0.177753544,477.092,0.46,0.149
13.3083965,0.794749403,0.159904535,596.542,0.546,0.155
69.79033369,0.001690903,0.969732837,590.842,0.434,0.198
23.90983365,0.870202373,0.11444522,522.446,0.448,0.146
53.36155133,0.196609371,0.785024723,499.561,0.512,0.175
33.86160055,0.031781558,0.935094002,632.564,0.685,0.19
39.62004134,0.370612526,0.624913971,581.13,0.437,0.152
40.12205926,0.307005495,0.681662088,469.376,0.49,0.184
23.32906782,0.971274686,0.023339318,482.545,0.688,0.161
20.45476917,0.717571297,0.243790248,500.358,0.521,0.165
26.08524461,0.975095785,0.022349936,506.102,0.633,0.153
72.40870164,0.004976722,0.98362498,593.206,0.428,0.188
36.3126292,0.050827878,0.936080092,527.637,0.467,0.183
24.67762575,0.941096818,0.054840894,496.463,0.651,0.158
22.20691013,0.876893939,0.086174242,529.602,0.563,0.146
68.90441973,0.006437405,0.97137049,588.376,0.492,0.195
15.34599862,0.658932715,0.287703016,634.234,0.504,0.148
28.04409883,0.027763496,0.933676093,577.617,0.618,0.192
28.33940348,0.696526508,0.284582572,545.319,0.529,0.159
43.96101979,0.057202134,0.929756965,632.893,0.56,0.191
28.06378581,0.561117579,0.420838184,427.651,0.631,0.181
19.18495915,0.64453125,0.317708333,573.77,0.698,0.176
18.28920169,0.91097561,0.067073171,554.967,0.548,0.141
59.3956098,0.059918557,0.92495637,477.8,0.515,0.178
16.32050399,0.816326531,0.154761905,580.713,0.573,0.165
31.66650261,0.914257717,0.075943165,473.776,0.612,0.165
31.96180726,0.030440709,0.955020445,497.453,0.437,0.166
20.2578994,0.996247655,0.001876173,425.494,0.655,0.141
15.58224235,0.445175439,0.445175439,590.583,0.575,0.16
73.93444237,0.022473701,0.969078738,453.698,0.417,0.184
68.9241067,0.102987148,0.88693991,476.356,0.543,0.198
27.44364603,0.632857898,0.354463814,427.171,0.67,0.196
24.75637366,0.895339954,0.084797555,482.71,0.581,0.159
26.10493159,0.955015198,0.030395137,541.985,0.686,0.155
31.03651934,0.320441989,0.665745856,520.566,0.579,0.185
39.09833645,0.003702332,0.97149204,577.139,0.43,0.171
15.11959839,0.939914163,0.042918455,439.838,0.551,0.15
19.78541195,0.215984776,0.764985728,602.264,0.648,0.182
21.19303081,0.281275552,0.705641864,611.071,0.54,0.167
27.42395905,0.269618834,0.702914798,574.826,0.468,0.157
16.58627818,0.777142857,0.16,634.712,0.587,0.142
24.61856482,0.940199336,0.043853821,440.703,0.644,0.156
27.13849788,0.962507683,0.031346036,471.641,0.655,0.166
13.01309184,0.795180723,0.127710843,616.576,0.685,0.152
74.12146865,0.018462008,0.966432713,532.088,0.477,0.2
33.8222266,0.555002263,0.435038479,541.235,0.673,0.184
25.19933064,0.942745098,0.05254902,475.049,0.687,0.193
30.95777143,0.032012195,0.944613821,520.533,0.555,0.198
13.07215277,0.594594595,0.324324324,503.769,0.593,0.175
41.52967812,0.171276241,0.816061313,505.05,0.508,0.169
71.57200512,0.008282259,0.974324996,489.667,0.41,0.191
29.45171769,0.094425484,0.886234357,542.358,0.472,0.163
15.80864258,0.926934097,0.063037249,500.218,0.661,0.162
24.41185156,0.514681892,0.462479608,568.67,0.466,0.16
28.74298651,0.934603502,0.056642636,519.335,0.541,0.145
35.47593267,0.12724434,0.861046058,570.608,0.532,0.179
16.97017423,0.725252525,0.191919192,497.823,0.578,0.162
44.04961118,0.704156479,0.290647922,486.487,0.685,0.195
19.85431637,0.772421525,0.201793722,498.976,0.489,0.149
50.18210454,0.007511008,0.98031598,577.937,0.429,0.18
24.42169505,0.982186235,0.011336032,427.578,0.637,0.143
30.10138793,0.312074002,0.669425511,584.835,0.438,0.148
33.58598287,0.232586558,0.751120163,520.526,0.571,0.199
39.47238901,0.141983696,0.848165761,570.541,0.496,0.182
40.37798996,0.547936085,0.439081225,429.779,0.593,0.176
16.70440004,0.604887984,0.289205703,603.587,0.576,0.152
69.19972438,0.01506687,0.970712714,513.003,0.413,0.177
27.7291072,0.734557596,0.252643294,459.666,0.609,0.162
55.4483709,0.081641469,0.906911447,502.136,0.468,0.184
20.32680382,0.94984326,0.039707419,478.967,0.661,0.144
21.3702136,0.685064935,0.283549784,629.052,0.481,0.155
34.05847032,0.009467989,0.951307484,630.977,0.432,0.161
25.28792204,0.995723885,0.002443494,457.961,0.675,0.152
57.92893001,0.021115211,0.962074621,630.337,0.529,0.178
18.38763658,0.838823529,0.114117647,552.293,0.513,0.147
30.41637956,0.716749887,0.275533364,464.516,0.653,0.195
82.53765134,0.001654032,0.960992419,470.486,0.406,0.196
16.80283492,0.852842809,0.120401338,633.735,0.684,0.16
33.3005217,0.976388889,0.019444444,450.309,0.617,0.15
44.49256817,0.07636801,0.90709561,570.615,0.428,0.159
12.64888276,0.795081967,0.172131148,565.096,0.496,0.151
15.44443351,0.854111406,0.122015915,497.797,0.656,0.168
29.57968304,0.18054211,0.795740561,541.131,0.655,0.196
16.62565213,0.88304862,0.090670171,454.619,0.538,0.158
41.15562555,0.263978002,0.725328445,521.62,0.577,0.2
62.00413427,0.002050708,0.986017897,540.292,0.412,0.193
14.29274535,0.804780876,0.129482072,560.704,0.636,0.152
18.60419333,0.961661342,0.028753994,525.536,0.673,0.142
32.67053844,0.937417364,0.054649625,447.367,0.521,0.154
25.80962693,0.927090301,0.048160535,631.344,0.624,0.15
25.90806182,0.103253182,0.873408769,626.149,0.413,0.155
40.56501624,0.411175711,0.582041344,612.656,0.644,0.19
16.5665912,0.731343284,0.204884668,585.142,0.618,0.154
16.07441677,0.633333333,0.325641026,561.527,0.625,0.177
65.51825967,0.007474361,0.983486876,580.844,0.452,0.192
21.14381337,0.637017071,0.336028751,462.988,0.465,0.144
13.83994488,0.948717949,0.034965035,550.624,0.617,0.145
20.65163894,0.970749543,0.023765996,570.175,0.638,0.151
32.72959937,0.374737726,0.607217793,486.087,0.652,0.197
25.4946353,0.901758642,0.086719224,475.231,0.581,0.163
18.30888867,0.82038835,0.126213592,561.931,0.528,0.153
19.85431637,0.925925926,0.05643739,446.24,0.651,0.17
32.8772517,0.369765494,0.613065327,539.8,0.644,0.179
30.37700561,0.4665,0.5195,550.053,0.671,0.189
28.25081209,0.923931149,0.060521932,568.942,0.597,0.155
69.02254159,0.014067593,0.974095042,566.987,0.459,0.197
25.4060439,0.899806076,0.080801551,441.905,0.444,0.14
10.52268924,0.353846154,0.423076923,616.436,0.533,0.147
56.94458116,0.002129472,0.979982964,616.119,0.438,0.185
42.51402697,0.035737492,0.946393762,613.872,0.438,0.164
24.13623388,0.911093627,0.067663257,446.983,0.563,0.152
43.0062014,0.1517067,0.829329962,583.712,0.562,0.191
21.90176198,0.583333333,0.39010989,508.979,0.425,0.144
25.88837484,0.966200466,0.025641026,560.24,0.68,0.151
35.72201988,0.07960199,0.905472637,534.341,0.468,0.169
18.92902845,0.898635478,0.076023392,586.314,0.557,0.15
16.55674771,0.736040609,0.179357022,623.358,0.612,0.152
29.88483118,0.965044875,0.023618328,482.34,0.661,0.159
34.64907963,0.982142857,0.011212625,466.001,0.681,0.151
41.32296486,0.247370099,0.736053554,602.707,0.632,0.183
17.73796634,0.906350915,0.082884822,570.482,0.515,0.151
15.33615513,0.824175824,0.137362637,579.639,0.557,0.147
37.22807363,0.62485833,0.368341519,435.743,0.655,0.193
17.55094005,0.652645862,0.302578019,513.894,0.535,0.166
67.68382715,0.040412726,0.942218401,576.497,0.52,0.187
11.05423762,0.279569892,0.537634409,618.63,0.662,0.179
20.07087312,0.652272727,0.302272727,614.981,0.48,0.143
22.15769269,0.901271503,0.086013463,580.984,0.449,0.151
14.63726745,0.409663866,0.489495798,491.282,0.632,0.18
72.80244119,0.061038129,0.917013778,479.527,0.579,0.195
47.2979624,0.700594162,0.292689228,435.358,0.672,0.196
73.29461561,0.005157963,0.982591876,518.479,0.448,0.198
20.23821242,0.957001103,0.037486218,448.622,0.614,0.164
73.92459888,0.004929242,0.979487995,521.093,0.425,0.186
37.60212619,0.095111785,0.889730959,519.937,0.545,0.199
25.750566,0.283057851,0.704545455,631.458,0.657,0.182
29.60921351,0.111947319,0.873941675,577.105,0.458,0.157
76.74968009,0.004579702,0.978431083,596.685,0.428,0.194
37.10010828,0.141679749,0.839481947,568.249,0.6,0.196
20.169308,0.509528586,0.461384152,551.69,0.457,0.151
42.6616793,0.875189797,0.119344063,443.601,0.684,0.178
13.83010139,0.787755102,0.128571429,581.074,0.541,0.143
35.04281918,0.139270302,0.843860337,580.651,0.591,0.175
16.8225219,0.915730337,0.063202247,601.624,0.636,0.143
35.05266266,0.126664131,0.858501331,545.798,0.404,0.142
23.77202481,0.867093675,0.103282626,504.202,0.468,0.146
19.48026381,0.858115778,0.099886493,596.263,0.51,0.144
14.02697116,0.821256039,0.1352657,526.48,0.492,0.144
37.40525642,0.980755524,0.012116892,493.708,0.678,0.147
83.33497391,0.004679972,0.939160358,436.523,0.417,0.194
18.13170588,0.972855592,0.02062975,544.108,0.693,0.148
14.51914559,0.523489933,0.416107383,588.505,0.649,0.181
34.49158382,0.252057168,0.728886964,508.14,0.585,0.197
18.21045378,0.910213244,0.074074074,479.026,0.672,0.179
27.31568068,0.412012012,0.568768769,583.412,0.597,0.165
16.97017423,0.716730038,0.230038023,618.76,0.581,0.172
19.49995078,0.516129032,0.439516129,453.125,0.407,0.143
72.26104932,0.008005123,0.962215818,607.963,0.486,0.2
37.28713456,0.903461538,0.089615385,434.248,0.678,0.183
41.69701742,0.347650171,0.641145347,550.287,0.593,0.18
30.82980608,0.547112462,0.440729483,602.604,0.571,0.164
67.80194901,0.076364251,0.9102889,463.428,0.431,0.171
33.99940939,0.659728122,0.330501274,487.87,0.627,0.169
38.18289202,0.020342612,0.964311206,609.588,0.419,0.164
17.68874889,0.855218855,0.099326599,514.771,0.572,0.148
26.64632346,0.9,0.09125,480.117,0.509,0.16
59.86809725,0.157494867,0.821765914,453.17,0.547,0.191
13.87931883,0.663286004,0.273833671,607.292,0.503,0.16
27.71926371,0.950517837,0.033371692,448.242,0.591,0.154
35.07234964,0.025273799,0.958298231,564.08,0.426,0.167
19.49010729,0.950925926,0.039814815,532.478,0.647,0.165
81.38596319,0.020265549,0.953459119,515.495,0.416,0.198
41.45093021,0.041653213,0.930255086,609.168,0.534,0.184
59.08061817,0.39601369,0.5941212,426.453,0.602,0.182
56.80677232,0.050505051,0.940468515,625.899,0.6,0.199
39.1377104,0.240604145,0.747804707,561.46,0.562,0.198
36.26341175,0.081955428,0.907620417,576.218,0.497,0.179
35.24953243,0.455803228,0.535741737,584.335,0.644,0.196
64.57328477,0.062167906,0.922245838,549.956,0.646,0.195
24.61856482,0.091531756,0.894146949,542.574,0.614,0.188
42.15966138,0.201583435,0.779232643,499.017,0.6,0.187
68.52052367,0.022491349,0.961591696,504.894,0.52,0.195
65.08514618,0.039263804,0.945486415,456.193,0.414,0.181
13.3083965,0.098039216,0.75,601.142,0.499,0.164
15.63145979,0.523809524,0.403174603,462.779,0.533,0.167
28.62486465,0.416243655,0.570050761,456.324,0.525,0.18
18.69278472,0.914396887,0.051880674,458.91,0.657,0.145
63.15582242,0.018205706,0.971096096,533.734,0.463,0.19
13.58401417,0.347826087,0.492753623,604.161,0.446,0.147
15.9661384,0.364942529,0.505747126,622.901,0.48,0.142
64.92765036,0.030057164,0.954453255,446.135,0.467,0.181
51.18614037,0.019934334,0.963180113,603.838,0.611,0.193
41.33280835,0.283299527,0.69979716,510.389,0.635,0.199
21.90176198,0.97112462,0.025835866,491.996,0.595,0.15
29.12688257,0.480809129,0.506224066,451.267,0.604,0.19
21.90176198,0.101694915,0.86779661,633.455,0.483,0.175
25.20917413,0.489056604,0.483018868,551.112,0.494,0.156
18.86996752,0.490963855,0.475903614,522.507,0.41,0.152
67.14243528,0.077676697,0.911126662,485.404,0.498,0.182
29.06782164,0.929598413,0.058998513,547.07,0.476,0.14
26.49867113,0.964521948,0.024052916,431.313,0.693,0.164
37.44463038,0.017863398,0.961120841,575.244,0.423,0.154
36.72605571,0.042668735,0.943366951,604.277,0.477,0.165
30.18997933,0.930824008,0.059003052,433.918,0.454,0.141
19.68697706,0.51396648,0.462569832,564.179,0.537,0.166
17.91514913,0.257340242,0.678756477,630.721,0.556,0.178
33.23161729,0.637178965,0.353444762,428.238,0.581,0.175
48.498868,0.390493697,0.596901261,544.463,0.534,0.173
66.78806969,0.002099738,0.972178478,589.819,0.471,0.2
60.54729796,0.281709469,0.713193491,459.816,0.587,0.199
64.24844965,0.181103835,0.810477081,495.805,0.577,0.192
25.41588739,0.828037383,0.163239875,526.523,0.623,0.171
41.63795649,0.017210145,0.968297101,571.529,0.406,0.169
38.00570922,0.184353741,0.802380952,590.985,0.597,0.198
43.09479279,0.153155941,0.826423267,480.228,0.412,0.157
20.04134265,0.937623762,0.054455446,466.159,0.528,0.155
62.52583916,0.021963824,0.964747139,574.954,0.414,0.175
74.5053647,0.026522001,0.960819771,533.28,0.517,0.192
31.73540703,0.118473014,0.865730584,621.513,0.556,0.173
22.13800571,0.172380952,0.812380952,559.49,0.423,0.157
62.47662171,0.051037577,0.93475416,471.207,0.44,0.169
67.9791318,0.008048994,0.974978128,455.001,0.443,0.191
60.47839354,0.010152284,0.973604061,623.795,0.545,0.193
18.01358401,0.841004184,0.10181311,560.671,0.69,0.172
70.44000394,0.046887898,0.936767377,532.013,0.531,0.193
29.51077862,0.650634249,0.337209302,500.566,0.587,0.179
69.57377695,0.031164384,0.952568493,448.453,0.425,0.176
40.06299833,0.858294157,0.135661518,428.101,0.492,0.144
24.2051383,0.056617647,0.896323529,632.296,0.65,0.197
16.55674771,0.901569187,0.078459344,536.784,0.605,0.154
39.77753716,0.25539318,0.72651357,442.647,0.476,0.158
30.66246678,0.481339713,0.506220096,466.476,0.439,0.145
21.72457919,0.988304094,0.007518797,449.317,0.647,0.145
17.11782656,0.377336449,0.566588785,614.511,0.553,0.158
41.10640811,0.079671198,0.894087891,606.987,0.603,0.179
41.66748696,0.072627502,0.911555842,616.006,0.57,0.188
21.65567477,0.752862595,0.22519084,620.1,0.489,0.157
38.9703711,0.972279261,0.023613963,456.927,0.592,0.154
14.0761886,0.099800399,0.860279441,575.406,0.415,0.153
17.15720051,0.873388042,0.100820633,587.28,0.699,0.178
25.46510483,0.13368984,0.836898396,564.326,0.469,0.17
65.65606851,0.016482553,0.972295283,458.912,0.406,0.177
18.7124717,0.732394366,0.234741784,517.296,0.651,0.195
16.29097352,0.70741483,0.186372745,627.513,0.649,0.155
14.43055419,0.697885196,0.235649547,572.611,0.653,0.17
22.10847524,0.96009577,0.036711891,481.521,0.69,0.187
23.50625062,0.334767025,0.64874552,539.47,0.633,0.172
39.02943203,0.567164179,0.426670993,499.95,0.599,0.193
34.66876661,0.333039648,0.646696035,449.051,0.436,0.157
12.58982183,0.77704918,0.180327869,584.06,0.469,0.142
19.83462939,0.747736093,0.218628719,615.314,0.527,0.155
41.42139974,0.718661194,0.274707925,537.401,0.682,0.173
70.13485579,0.001328683,0.963295134,571.01,0.406,0.199
70.76483906,0.014655594,0.960755577,524.156,0.469,0.198
16.50753027,0.796477495,0.136986301,568.331,0.643,0.168
35.64327198,0.076861808,0.902827559,559.472,0.471,0.158
14.29274535,0.043352601,0.826589595,635.173,0.487,0.166
33.26114775,0.477773162,0.508101371,518.366,0.651,0.183
35.72201988,0.459233978,0.529768677,573.019,0.659,0.186
15.42474653,0.76056338,0.176056338,617.352,0.601,0.161
37.36588247,0.289757914,0.699441341,572.237,0.521,0.168
67.86100994,0.009855685,0.979408659,464.047,0.482,0.195
17.167044,0.684782609,0.276570048,521.962,0.444,0.144
39.00974505,0.295231875,0.693337688,488.879,0.505,0.181
41.43124323,0.115761936,0.869195553,459.731,0.498,0.18
70.77468255,0.013151486,0.967527196,499.269,0.405,0.179
46.89437937,0.25182102,0.741155047,478.632,0.573,0.185
55.94054533,0.054007345,0.923957658,510.339,0.572,0.188
41.53952161,0.089078498,0.892491468,492.969,0.513,0.19
21.33083965,0.928104575,0.055088702,575.31,0.62,0.144
19.93306428,0.383561644,0.569115816,526.32,0.595,0.169
26.24274043,0.187389511,0.790218032,507.012,0.517,0.17
23.39797224,0.991240876,0.005109489,476.752,0.662,0.15
34.26518358,0.694444444,0.297794118,465.443,0.459,0.149
22.34471897,0.058519793,0.925129088,549.331,0.508,0.168
40.55517275,0.571651577,0.41367468,496.056,0.674,0.199
45.61472586,0.005403868,0.971274175,604.471,0.405,0.172
65.48872921,0.01363398,0.965390666,591.873,0.549,0.196
17.14735702,0.630325815,0.332080201,584.121,0.666,0.183
31.95196378,0.38840712,0.595618439,539.836,0.585,0.174
15.28693769,0.634241245,0.280155642,592.558,0.562,0.166
31.94212029,0.068641975,0.907654321,617.022,0.432,0.157
45.08317748,0.207274827,0.772806005,452.759,0.515,0.187
31.75509401,0.105215005,0.882891125,454.492,0.425,0.161
16.80283492,0.774787535,0.177053824,474.31,0.607,0.162
62.45693474,0.006963533,0.974344878,524.236,0.403,0.182
50.9892706,0.003103366,0.973502029,631.671,0.448,0.167
15.65114677,0.373795761,0.520231214,607.583,0.609,0.172
62.10256915,0.077328647,0.908025776,487.532,0.559,0.178
81.06112806,0.005601034,0.972138446,520.579,0.429,0.195
21.458805,0.922010399,0.059792028,434.83,0.502,0.145
14.89319815,0.888438134,0.081135903,581.75,0.564,0.15
69.09144601,0.065688672,0.921108394,431.58,0.472,0.186
19.5688552,0.826873385,0.149870801,513.192,0.55,0.157
17.09813958,0.893081761,0.075471698,486.12,0.67,0.171
51.501132,0.480214949,0.509526136,511.037,0.611,0.19
13.75135348,0.723557692,0.233173077,480.405,0.618,0.17
34.25534009,0.854438936,0.132942767,507.401,0.572,0.146
22.97470223,0.522058824,0.459150327,468.637,0.617,0.177
22.62033665,0.68976378,0.287401575,591.536,0.572,0.159
48.18387637,0.380890052,0.602879581,463.19,0.536,0.183
25.87853135,0.725726435,0.257973069,440.645,0.618,0.186
30.88886701,0.313858696,0.678894928,579.764,0.59,0.178
75.72595728,0.004466945,0.968135795,593.769,0.409,0.194
23.33891131,0.81496063,0.163779528,542.999,0.631,0.166
27.2074023,0.979381443,0.015767132,436.319,0.565,0.157
26.30180136,0.878908471,0.114837976,556.946,0.653,0.172
19.00777636,0.74501574,0.238195173,531.592,0.679,0.19
42.53371395,0.078584847,0.899185974,550.007,0.427,0.167
24.59887784,0.820477816,0.171331058,439.345,0.69,0.189
17.96436657,0.899257688,0.067868505,559.157,0.524,0.145
21.458805,0.837979094,0.137630662,558.907,0.602,0.165
31.36135446,0.095755183,0.881046397,546.041,0.481,0.168
25.82931391,0.802446483,0.184097859,533.171,0.577,0.165
24.17560784,0.979061977,0.015912898,496.629,0.69,0.157
12.00905601,0.462540717,0.361563518,624.057,0.639,0.16
36.26341175,0.196529611,0.789136175,506.675,0.415,0.145
68.85520228,0.025132501,0.957086681,541.478,0.539,0.19
58.82468747,0.051009786,0.931917552,441.853,0.447,0.186
22.90579781,0.953138075,0.030962343,435.541,0.597,0.145
20.75007383,0.557109557,0.416083916,595.395,0.616,0.176
30.91839748,0.33954231,0.651410325,490.14,0.535,0.181
30.25888375,0.986358867,0.011017838,454.343,0.531,0.145
16.85205237,0.748493976,0.194277108,475.205,0.511,0.154
39.94487646,0.093008339,0.896407954,561.848,0.434,0.16
22.13800571,0.936211973,0.052993131,571.306,0.677,0.175
28.22128162,0.922751961,0.064574532,580.774,0.542,0.142
35.68264593,0.548449612,0.442248062,494.799,0.499,0.163
30.58371887,0.969907407,0.022222222,436.136,0.618,0.159
18.60419333,0.527522936,0.409785933,560.803,0.605,0.167
75.00738262,0.063682219,0.912988651,447.225,0.557,0.198
46.8648489,0.541823056,0.445844504,454.731,0.615,0.181
42.60261837,0.207816969,0.781696854,591.635,0.547,0.192
11.74328182,0.649819495,0.249097473,474.364,0.629,0.168
44.04961118,0.065958112,0.926226946,585.754,0.459,0.176
23.08298061,0.926961226,0.057709648,478.523,0.673,0.147
70.01673393,0.083499667,0.904025283,424.832,0.497,0.192
51.1566099,0.454929577,0.53286385,477.753,0.526,0.176
23.99842504,0.213101161,0.746268657,484.366,0.43,0.149
16.23191259,0.220729367,0.727447217,626.248,0.415,0.147
31.31213702,0.952380952,0.041065968,436.955,0.664,0.17
16.9997047,0.718997361,0.249340369,508.229,0.638,0.171
14.47977163,0.735119048,0.19047619,597.613,0.581,0.151
39.19677134,0.625778944,0.367005576,469.427,0.561,0.185
25.69150507,0.993589744,0.003561254,431.692,0.689,0.172
28.82173442,0.49868213,0.487084871,586.143,0.624,0.172
15.12944187,0.576388889,0.348958333,620.973,0.68,0.194
41.3721823,0.508364312,0.484820322,535.767,0.63,0.171
24.95324343,0.748187212,0.23599209,582.797,0.436,0.141
14.04665814,0.739583333,0.205729167,500.461,0.602,0.178
23.42750271,0.218537415,0.756802721,559.924,0.625,0.178
66.42386062,0.002454848,0.971418552,513.137,0.442,0.188
15.41490304,0.9286754,0.050946143,569.703,0.614,0.142
22.73845851,0.037663336,0.928516526,633.429,0.597,0.174
32.65085146,0.075581395,0.902131783,588.672,0.474,0.169
31.37119795,0.978250362,0.015466409,560.34,0.695,0.153
25.43557437,0.928919861,0.054355401,517.463,0.618,0.159
27.06959346,0.100247525,0.884282178,578.273,0.47,0.174
22.17737966,0.792925571,0.197494473,516.197,0.431,0.147
29.08750861,0.966633955,0.026496565,514.165,0.611,0.156
19.93306428,0.895652174,0.085990338,473.942,0.584,0.162
63.61846638,0.02113559,0.960773778,516.535,0.563,0.187
23.80155527,0.940798859,0.041369472,512.241,0.657,0.166
21.25209174,0.220298977,0.741935484,582.871,0.5,0.163
44.08898514,0.143903126,0.845677274,500.347,0.417,0.172
25.24854809,0.625925926,0.363580247,433.921,0.616,0.183
24.57919087,0.959215686,0.03372549,483.155,0.49,0.146
31.21370214,0.275267816,0.700512343,518.294,0.674,0.195
20.39570824,0.190789474,0.756578947,629.927,0.624,0.181
46.23486564,0.014155983,0.965277778,613.768,0.435,0.183
72.50713653,0.01114075,0.971128197,541.121,0.411,0.196
40.98828625,0.608655332,0.383616692,430.727,0.583,0.191
28.96938675,0.917253521,0.075704225,430.817,0.552,0.146
54.90697903,0.040751013,0.951141455,608.987,0.525,0.196
42.41559209,0.215189873,0.774864376,504.205,0.489,0.186
43.2621321,0.071111111,0.918518519,632.924,0.612,0.193
16.19253864,0.856304985,0.098240469,518.485,0.55,0.147
13.74150999,0.640449438,0.280898876,488.585,0.575,0.163
36.19450733,0.409624413,0.572378717,521.666,0.626,0.175
16.86189586,0.806896552,0.154022989,468.912,0.449,0.143
19.27355055,0.88195122,0.08097561,628.42,0.639,0.146
73.91475539,0.023952096,0.956035298,586.471,0.493,0.194
19.03730682,0.932065217,0.055706522,488.289,0.602,0.159
45.04380352,0.04470447,0.931593159,450.517,0.438,0.173
67.18180923,0.113603733,0.868090452,609.056,0.672,0.198
33.37926961,0.304386354,0.679220204,512.85,0.574,0.175
19.64760311,0.427509294,0.520446097,555.257,0.566,0.164
40.8603209,0.23161512,0.751546392,548.569,0.672,0.192
21.21271779,0.61487965,0.355579869,430.502,0.511,0.16
34.49158382,0.23411817,0.756108396,506.132,0.462,0.156
